label,sent,received,count
satan,0,2,15892
back,54156,8232,2203
loadmodule,151,3009,9
perl,265,2444,3
imap,347,54948,12
land,0,0,21
normal,1477,3234,972781
portsweep,431708,202681,10413
warezclient,300219,719,1020
ftp_write,220,5382,8
ipsweep,10,4,12481
neptune,0,0,1072017
warezmaster,49,3922087,20
smurf,935,0,2807886
nmap,24,0,2316
rootkit,294,4276,10
pod,1462,0,264
buffer_overflow,1400,6339,30
teardrop,28,0,979
multihop,435,213016,7
spy,174,1193,2
guess_passwd,125,216,53
phf,51,8127,4
